Class	Image Link	Attribution	
N700	https://en.wikipedia.org/wiki/N700_Series_Shinkansen#/media/File:Series-N700A-F20.jpg	"By Maeda Akihiko - Own work, CC BY-SA 4.0, https://commons.wikimedia.org/w/index.php?curid=109777828"
N700	https://en.wikipedia.org/wiki/N700_Series_Shinkansen#/media/File:N700-1000_G15_20151212.jpg	"By kh ws - N700A G15??, CC BY-SA 2.0, https://commons.wikimedia.org/w/index.php?curid=51050034"
N700	https://en.wikipedia.org/wiki/N700_Series_Shinkansen#/media/File:N700-1000_G4_776-1004_Kyoto_20130211.jpg	"By okan_jett, CC BY 2.1 jp, https://commons.wikimedia.org/w/index.php?curid=29134972"	
N700	https://en.wikipedia.org/wiki/N700_Series_Shinkansen#/media/File:Line_scan_photo_of_Shinkansen_N700A_Series_Set_G13_in_2017,_car_01.png	"By Dllu - Own work, CC BY-SA 4.0, https://commons.wikimedia.org/w/index.php?curid=62705636"
N700	https://en.wikipedia.org/wiki/N700_Series_Shinkansen#/media/File:Line_scan_photo_of_Shinkansen_N700A_Series_Set_G13_in_2017,_car_02.png	"By Dllu - Own work, CC BY-SA 4.0, https://commons.wikimedia.org/w/index.php?curid=62705631"
N700	https://en.wikipedia.org/wiki/N700_Series_Shinkansen#/media/File:Line_scan_photo_of_Shinkansen_N700A_Series_Set_G13_in_2017,_car_03.png	"By Dllu - Own work, CC BY-SA 4.0, https://commons.wikimedia.org/w/index.php?curid=62705631"
N700	https://en.wikipedia.org/wiki/N700_Series_Shinkansen#/media/File:Line_scan_photo_of_Shinkansen_N700A_Series_Set_G13_in_2017,_car_04.png	"By Dllu - Own work, CC BY-SA 4.0, https://commons.wikimedia.org/w/index.php?curid=62705624"
N700	https://en.wikipedia.org/wiki/N700_Series_Shinkansen#/media/File:Line_scan_photo_of_Shinkansen_N700A_Series_Set_G13_in_2017,_car_05.png	"By Dllu - Own work, CC BY-SA 4.0, https://commons.wikimedia.org/w/index.php?curid=62705616"
N700	https://en.wikipedia.org/wiki/N700_Series_Shinkansen#/media/File:Line_scan_photo_of_Shinkansen_N700A_Series_Set_G13_in_2017,_car_06.png	"By Dllu - Own work, CC BY-SA 4.0, https://commons.wikimedia.org/w/index.php?curid=62705621"
N700	https://en.wikipedia.org/wiki/N700_Series_Shinkansen#/media/File:Line_scan_photo_of_Shinkansen_N700A_Series_Set_G13_in_2017,_car_07.png	"By Dllu - Own work, CC BY-SA 4.0, https://commons.wikimedia.org/w/index.php?curid=62705617"
N700	https://en.wikipedia.org/wiki/N700_Series_Shinkansen#/media/File:Line_scan_photo_of_Shinkansen_N700A_Series_Set_G13_in_2017,_car_08.png	"By Dllu - Own work, CC BY-SA 4.0, https://commons.wikimedia.org/w/index.php?curid=62705595"
N700	https://en.wikipedia.org/wiki/N700_Series_Shinkansen#/media/File:Line_scan_photo_of_Shinkansen_N700A_Series_Set_G13_in_2017,_car_09.png	"By Dllu - Own work, CC BY-SA 4.0, https://commons.wikimedia.org/w/index.php?curid=62705596"
N700	https://en.wikipedia.org/wiki/N700_Series_Shinkansen#/media/File:Line_scan_photo_of_Shinkansen_N700A_Series_Set_G13_in_2017,_car_10.png	"By Dllu - Own work, CC BY-SA 4.0, https://commons.wikimedia.org/w/index.php?curid=62705600"
N700	https://en.wikipedia.org/wiki/N700_Series_Shinkansen#/media/File:Line_scan_photo_of_Shinkansen_N700A_Series_Set_G13_in_2017,_car_11.png	"By Dllu - Own work, CC BY-SA 4.0, https://commons.wikimedia.org/w/index.php?curid=62705593"
N700	https://en.wikipedia.org/wiki/N700_Series_Shinkansen#/media/File:Line_scan_photo_of_Shinkansen_N700A_Series_Set_G13_in_2017,_car_12.png	"By Dllu - Own work, CC BY-SA 4.0, https://commons.wikimedia.org/w/index.php?curid=62705590"
N700	https://en.wikipedia.org/wiki/N700_Series_Shinkansen#/media/File:Line_scan_photo_of_Shinkansen_N700A_Series_Set_G13_in_2017,_car_16.png	"By Dllu - Own work, CC BY-SA 4.0, https://commons.wikimedia.org/w/index.php?curid=62705588"
N700	https://en.wikipedia.org/wiki/N700_Series_Shinkansen#/media/File:N700-2000_series_X50_Shin-Shimonoseki_20140901.jpg	"By Cheng-en Cheng - ?700?X50????????, CC BY-SA 2.0, https://commons.wikimedia.org/w/index.php?curid=51048943"	
